<!DOCTYPE xwork PUBLIC "-//OpenSymphony Group//XWork 1.0//EN" "http://www.opensymphony.com/xwork/xwork-1.0.dtd">

<xwork>

    <include file="webwork-default.xml"/>
    <include file="config-browser.xml"/>

    <package name="default" extends="webwork-default" abstract="true">
        <action name="main" class="com.opensymphony.xwork.ActionSupport">
            <result name="success" type="dispatcher">/field/form.jsp</result>
        </action>
    </package>

    <package name="ex1" extends="default" namespace="/ex1">
        <action name="HelloWorld" class="example.ex1.HelloWorldAction">
            <interceptor-ref name="defaultStack"/>
            <result name="success" type="dispatcher">/field/success.jsp</result>
            <result name="input" type="dispatcher">/field/form.jsp</result>
        </action>
    </package>

    <package name="ex2" extends="webwork-default" namespace="/ex2">
        <action name="main" class="com.opensymphony.xwork.ActionSupport">
            <result name="success" type="dispatcher">/model/form.jsp</result>
        </action>
        <action name="HelloWorld" class="example.ex2.HelloWorldAction">
            <interceptor-ref name="model-driven"/>
            <interceptor-ref name="defaultStack"/>
            <result name="success" type="dispatcher">/model/success.jsp</result>
            <result name="input" type="dispatcher">/model/form.jsp</result>
        </action>
    </package>

    <package name="ex3" extends="default" namespace="/ex3">
        <action name="HelloWorld" class="example.ex3.HelloWorldAction">
            <interceptor-ref name="model-driven"/>
            <interceptor-ref name="validationWorkflowStack"/>
            <result name="success" type="dispatcher">/field/success.jsp</result>
            <result name="input" type="dispatcher">/field/form.jsp</result>
        </action>
    </package>

    <package name="ex4" extends="default" namespace="/ex4">
        <action name="HelloWorld" class="example.ex4.HelloWorldAction">
            <interceptor-ref name="model-driven"/>
            <interceptor-ref name="validationWorkflowStack"/>
            <result name="success" type="dispatcher">/field/success.jsp</result>
            <result name="input" type="dispatcher">/field/form.jsp</result>
        </action>
    </package>
</xwork>